epoch,fid
52,85.74090131441758
56,82.94360567933892
0,195.11151385584589
74,79.04514113756586
76,78.79008015500902
